899,3,,
KSL,Tem,Hum,R
0.099 ,32.66 ,42.25 ,0.214 
0.096 ,31.09 ,42.87 ,0.234 
0.065 ,28.29 ,40.55 ,0.152 
0.074 ,26.49 ,49.73 ,0.156 
0.093 ,25.27 ,62.04 ,0.154 
0.114 ,25.27 ,62.04 ,0.125 
0.105 ,24.60 ,74.35 ,0.099 
0.101 ,24.06 ,80.14 ,0.123 
0.120 ,25.02 ,75.82 ,0.167 
0.100 ,32.57 ,47.53 ,0.276 
0.073 ,32.80 ,37.17 ,0.181 
0.072 ,32.43 ,41.86 ,0.162 
0.062 ,31.23 ,39.99 ,0.160 
0.066 ,29.90 ,42.63 ,0.182 
0.075 ,27.73 ,47.89 ,0.182 
0.087 ,26.19 ,58.27 ,0.195 
0.106 ,26.19 ,58.27 ,0.115 
0.112 ,24.19 ,71.31 ,0.169 
0.109 ,23.72 ,73.97 ,0.133 
0.105 ,23.71 ,75.24 ,0.181 
0.078 ,28.65 ,59.02 ,0.175 
0.058 ,38.97 ,31.38 ,0.166 
0.049 ,37.53 ,28.91 ,0.146 
0.046 ,35.76 ,29.32 ,0.154 
0.060 ,34.07 ,35.50 ,0.175 
0.071 ,31.03 ,42.89 ,0.213 
0.072 ,28.27 ,52.64 ,0.194 
0.083 ,26.36 ,69.38 ,0.171 
0.093 ,26.36 ,69.38 ,0.137 
0.092 ,25.24 ,83.29 ,0.110 
0.094 ,25.25 ,85.14 ,0.107 
0.102 ,26.32 ,81.19 ,0.150 
0.082 ,31.34 ,58.46 ,0.161 
0.061 ,35.00 ,40.14 ,0.172 
0.058 ,33.40 ,41.48 ,0.189 
0.056 ,31.95 ,44.44 ,0.163 
0.065 ,29.86 ,54.44 ,0.138 
0.065 ,27.90 ,67.21 ,0.162 
0.056 ,26.97 ,75.67 ,0.140 
0.051 ,26.97 ,75.67 ,0.146 
0.050 ,26.92 ,80.37 ,0.107 
0.048 ,27.11 ,82.66 ,0.085 
0.057 ,27.21 ,82.51 ,0.136 
0.072 ,28.12 ,78.83 ,0.216 
0.051 ,26.31 ,92.88 ,0.058 
0.050 ,26.50 ,93.36 ,0.077 
0.062 ,26.31 ,94.03 ,0.080 
0.063 ,26.31 ,94.71 ,0.060 
0.100 ,26.31 ,94.65 ,0.068 
0.107 ,26.31 ,94.39 ,0.055 
0.062 ,26.31 ,94.39 ,0.027 
0.087 ,26.31 ,94.02 ,0.041 
0.186 ,26.31 ,93.76 ,0.056 
0.252 ,27.39 ,91.23 ,0.076 
0.196 ,31.07 ,76.35 ,0.144 
0.086 ,35.27 ,59.01 ,0.120 
0.068 ,36.27 ,54.53 ,0.146 
0.066 ,35.59 ,55.16 ,0.131 
0.054 ,31.02 ,73.51 ,0.147 
0.051 ,27.78 ,91.77 ,0.058 
0.067 ,27.20 ,94.06 ,0.079 
0.116 ,27.20 ,94.06 ,0.083 
0.146 ,27.21 ,91.20 ,0.125 
0.193 ,27.21 ,92.18 ,0.113 
0.197 ,27.21 ,92.18 ,0.194 
0.162 ,27.94 ,86.95 ,0.253 
0.191 ,29.08 ,81.88 ,0.230 
0.306 ,28.79 ,88.17 ,0.121 
0.210 ,28.34 ,88.38 ,0.218 
0.149 ,28.96 ,84.05 ,0.182 
0.086 ,28.26 ,84.46 ,0.150 
0.073 ,27.86 ,85.53 ,0.118 
0.084 ,27.21 ,86.44 ,0.107 
0.053 ,27.21 ,86.44 ,0.058 
0.055 ,25.93 ,93.69 ,0.012 
0.037 ,25.25 ,93.52 ,0.011 
0.031 ,25.30 ,92.13 ,0.042 
0.035 ,26.30 ,89.51 ,0.060 
0.036 ,27.01 ,83.36 ,0.094 
0.038 ,27.21 ,85.97 ,0.119 
0.047 ,44.83 ,35.14 ,0.074 
0.043 ,43.09 ,36.24 ,0.085 
0.043 ,43.75 ,37.62 ,0.091 
0.069 ,46.96 ,36.09 ,0.139 
0.049 ,45.69 ,32.91 ,0.094 
0.050 ,42.87 ,37.08 ,0.096 
0.034 ,41.05 ,38.08 ,0.077 
0.064 ,43.96 ,36.75 ,0.141 
0.009 ,44.23 ,36.55 ,0.052 
0.013 ,42.43 ,40.39 ,0.066 
0.016 ,40.50 ,45.82 ,0.085 
0.064 ,39.62 ,54.85 ,0.134 
0.066 ,41.77 ,45.79 ,0.147 
0.117 ,34.01 ,35.49 ,0.590 
0.120 ,32.07 ,38.24 ,0.531 
0.128 ,30.52 ,44.25 ,0.414 
0.134 ,29.29 ,52.14 ,0.477 
0.122 ,42.38 ,26.36 ,0.562 
0.127 ,40.76 ,29.61 ,0.644 
0.126 ,38.11 ,34.25 ,0.576 
0.121 ,35.26 ,42.92 ,0.618 
0.136 ,33.74 ,43.86 ,0.568 
0.115 ,33.33 ,49.01 ,0.490 
0.125 ,28.67 ,79.74 ,0.474 
0.126 ,29.32 ,75.58 ,0.400 
0.116 ,29.76 ,74.53 ,0.412 
0.084 ,28.55 ,79.96 ,0.088 
0.158 ,43.83 ,26.99 ,0.328 
0.127 ,43.06 ,23.97 ,0.303 
0.118 ,40.59 ,25.77 ,0.272 
0.110 ,37.85 ,31.02 ,0.284
0.166 ,36.84 ,35.15 ,0.380 
0.140 ,35.94 ,37.63 ,0.373 
0.169 ,33.60 ,55.99 ,0.388 
0.158 ,34.26 ,55.46 ,0.401 
0.134 ,34.76 ,52.06 ,0.342 
0.131 ,34.19 ,52.35 ,0.326 
0.194 ,32.73 ,55.00 ,0.676 
0.097 ,41.28 ,26.85 ,0.559 
0.090 ,36.60 ,33.36 ,0.508 
0.110 ,30.93 ,46.25 ,0.627 
0.112 ,30.11 ,48.86 ,0.622
0.129 ,28.95 ,50.83 ,0.688 
0.116 ,31.65 ,52.69 ,0.620 
0.145 ,34.52 ,44.59 ,0.738 
0.150 ,32.65 ,48.48 ,0.752 
0.149 ,30.29 ,54.76 ,0.735 
0.132 ,28.63 ,58.23 ,0.798 
0.145 ,27.96 ,62.16 ,0.573 
0.117 ,28.44 ,49.98 ,0.820 
0.115 ,29.41 ,44.39 ,0.763 
0.080 ,28.66 ,44.73 ,0.451 
0.092 ,28.35 ,44.84 ,0.696 
0.103 ,28.90 ,43.89 ,0.760 
0.117 ,28.38 ,43.75 ,0.849 
0.117 ,28.43 ,49.95 ,0.738 
0.116 ,29.39 ,44.47 ,0.650 
0.080 ,28.70 ,44.68 ,0.560 
0.093 ,28.35 ,44.84 ,0.705 
0.101 ,28.91 ,43.91 ,0.616 
0.115 ,28.47 ,43.71 ,0.650 
0.168 ,32.95 ,38.59 ,0.826 
0.142 ,36.42 ,30.71 ,0.745 
0.143 ,33.30 ,33.90 ,0.663 
0.147 ,30.74 ,37.79 ,0.746 
0.169 ,29.72 ,39.27 ,0.835 
0.154 ,28.34 ,42.16 ,1.030 
0.137 ,26.57 ,46.25 ,0.781 
0.273 ,29.39 ,47.46 ,0.558 
0.267 ,33.42 ,38.95 ,0.662 
0.284 ,31.32 ,41.71 ,0.721 
0.298 ,31.44 ,40.69 ,0.464 
0.286 ,29.75 ,43.30 ,0.505 
0.266 ,29.04 ,45.31 ,0.464 
0.234 ,28.24 ,45.41 ,0.529 
0.106 ,28.39 ,43.58 ,0.576 
0.120 ,25.53 ,49.69 ,0.557 
0.118 ,25.26 ,51.25 ,0.462 
0.112 ,26.28 ,46.25 ,0.441 
0.108 ,26.08 ,47.10 ,0.423 
0.112 ,24.74 ,49.12 ,0.352 
0.094 ,38.22 ,22.19 ,0.550 
0.089 ,33.44 ,26.73 ,0.500 
0.091 ,28.21 ,33.55 ,0.471 
0.161 ,27.50 ,35.88 ,0.637 
0.178 ,27.87 ,35.58 ,1.167 
0.165 ,26.09 ,39.70 ,0.933 
0.094 ,36.78 ,25.17 ,0.437 
0.114 ,36.95 ,22.58 ,0.469 
0.105 ,29.36 ,31.63 ,0.574 
0.147 ,27.84 ,34.97 ,0.873 
0.193 ,27.42 ,36.29 ,1.124 
0.120 ,27.53 ,36.66 ,0.912 
0.297 ,28.21 ,33.55 ,1.370 
0.289 ,27.50 ,35.88 ,1.350 
0.329 ,27.87 ,35.58 ,1.540 
0.306 ,26.09 ,39.70 ,1.750 
0.325 ,27.84 ,34.97 ,1.220 
0.343 ,31.16 ,39.80 ,0.439 
0.313 ,32.81 ,34.12 ,0.335 
0.293 ,30.93 ,37.19 ,0.332 
0.234 ,27.98 ,35.51 ,0.284 
0.168 ,27.18 ,33.14 ,0.237 
0.160 ,26.92 ,34.85 ,0.212 
0.105 ,29.03 ,40.74 ,0.179 
0.101 ,31.06 ,32.74 ,0.132 
0.092 ,26.74 ,36.77 ,0.106 
0.091 ,26.27 ,38.07 ,0.122 
0.093 ,24.62 ,45.53 ,0.140 
0.130 ,25.72 ,53.75 ,0.204 
0.162 ,26.87 ,47.58 ,0.241 
0.228 ,26.40 ,49.26 ,0.314 
0.176 ,16.99 ,67.18 ,0.177 
0.175 ,17.73 ,63.52 ,0.141 
0.046 ,14.5 ,23.90 ,0.106 
0.051 ,14.7 ,22.60 ,0.090 
0.053 ,14.6 ,23.70 ,0.095 
0.055 ,14.3 ,21.40 ,0.087 
0.068 ,14.2 ,25.30 ,0.101 
0.089 ,14.1 ,32.70 ,0.118 
0.114 ,14.6 ,40.90 ,0.152 
0.147 ,13.0 ,53.40 ,0.152 
0.161 ,12.3 ,57.00 ,0.157 
0.155 ,11.6 ,59.70 ,0.128 
0.166 ,11.6 ,60.60 ,0.133 
0.175 ,11.2 ,64.30 ,0.129 
0.183 ,11.2 ,66.30 ,0.134 
0.183 ,11.1 ,66.90 ,0.120 
0.181 ,11.0 ,68.90 ,0.122 
0.178 ,11.0 ,70.10 ,0.119 
0.173 ,10.8 ,71.20 ,0.117 
0.172 ,10.7 ,72.20 ,0.125 
0.165 ,10.7 ,73.70 ,0.094 
0.164 ,10.6 ,74.10 ,0.088 
0.157 ,10.5 ,76.10 ,0.088 
0.156 ,10.4 ,75.60 ,0.072 
0.162 ,10.4 ,75.60 ,0.065 
0.149 ,10.3 ,77.60 ,0.062 
0.141 ,10.1 ,75.90 ,0.063 
0.138 ,10.1 ,76.70 ,0.054 
0.130 ,9.9 ,76.30 ,0.092 
0.123 ,9.7 ,76.50 ,0.063 
0.119 ,10.0 ,75.50 ,0.066 
0.120 ,10.3 ,74.40 ,0.071 
0.122 ,10.2 ,76.20 ,0.087 
0.125 ,10.3 ,74.70 ,0.097 
0.123 ,10.3 ,74.20 ,0.129 
0.121 ,10.3 ,72.90 ,0.146 
0.121 ,10.8 ,71.40 ,0.184 
0.100 ,11.4 ,67.90 ,0.149 
0.087 ,12.1 ,64.50 ,0.138 
0.080 ,12.6 ,63.30 ,0.110 
0.083 ,13.1 ,66.10 ,0.105 
0.079 ,13.7 ,64.10 ,0.103 
0.070 ,14.3 ,63.90 ,0.119 
0.067 ,14.7 ,64.20 ,0.114 
0.065 ,14.9 ,62.90 ,0.107 
0.083 ,14.9 ,63.60 ,0.099 
0.089 ,14.7 ,67.10 ,0.128 
0.095 ,14.5 ,73.00 ,0.120 
0.106 ,14.1 ,75.50 ,0.141 
0.104 ,13.7 ,74.10 ,0.146 
0.109 ,13.0 ,78.10 ,0.090 
0.117 ,12.7 ,79.00 ,0.104 
0.126 ,12.7 ,80.10 ,0.081 
0.154 ,12.4 ,73.90 ,0.189 
0.127 ,13.2 ,70.50 ,0.143 
0.125 ,13.7 ,68.80 ,0.138 
0.112 ,14.4 ,64.50 ,0.149 
0.100 ,15.0 ,62.10 ,0.130 
0.089 ,15.5 ,58.40 ,0.119 
0.088 ,15.9 ,55.60 ,0.113 
0.082 ,16.1 ,52.90 ,0.126 
0.086 ,16.4 ,52.60 ,0.148 
0.088 ,16.7 ,52.00 ,0.153 
0.093 ,17.1 ,52.50 ,0.172 
0.095 ,17.5 ,52.50 ,0.164 
0.103 ,17.5 ,51.10 ,0.163 
0.110 ,17.2 ,58.40 ,0.208 
0.120 ,16.8 ,58.60 ,0.166 
0.139 ,16.4 ,61.20 ,0.190 
0.145 ,15.8 ,61.20 ,0.179 
0.130 ,15.3 ,61.90 ,0.139 
0.123 ,14.9 ,69.40 ,0.129 
0.109 ,15.0 ,69.90 ,0.133 
0.102 ,14.8 ,70.90 ,0.129 
0.103 ,14.8 ,74.20 ,0.119 
0.106 ,14.6 ,74.80 ,0.116 
0.096 ,14.3 ,75.10 ,0.112 
0.112 ,14.8 ,83.90 ,0.208 
0.081 ,14.8 ,82.90 ,0.070 
0.051 ,14.5 ,82.20 ,0.117 
0.057 ,14.6 ,80.70 ,0.174 
0.055 ,14.6 ,78.20 ,0.203 
0.050 ,14.7 ,77.50 ,0.134 
0.050 ,14.4 ,76.30 ,0.108 
0.051 ,13.6 ,76.20 ,0.347 
0.053 ,13.6 ,75.10 ,0.102 
0.054 ,13.5 ,76.30 ,0.075 
0.056 ,13.6 ,75.90 ,0.095 
0.061 ,13.2 ,74.90 ,0.071 
0.070 ,13.1 ,79.30 ,0.074 
0.074 ,13.4 ,76.70 ,0.070 
0.077 ,13.8 ,74.10 ,0.085 
0.088 ,14.2 ,73.60 ,0.101 
0.089 ,14.2 ,73.50 ,0.101 
0.096 ,14.5 ,71.70 ,0.110 
0.101 ,14.3 ,71.60 ,0.115 
0.106 ,14.4 ,71.30 ,0.111 
0.115 ,14.4 ,70.20 ,0.117 
0.120 ,14.4 ,71.20 ,0.112 
0.130 ,14.1 ,71.20 ,0.104 
0.133 ,14.0 ,72.80 ,0.103 
0.163 ,23.9 ,32.68 ,0.163 
0.160 ,25.3 ,31.70 ,0.158 
0.191 ,25.6 ,31.50 ,0.172 
0.201 ,24.7 ,31.73 ,0.176 
0.200 ,23.7 ,32.60 ,0.167 
0.210 ,25.2 ,32.57 ,0.190 
0.205 ,26.6 ,31.83 ,0.186 
0.181 ,27.7 ,32.02 ,0.179 
0.164 ,28.4 ,31.47 ,0.159 
0.193 ,21.6 ,34.84 ,0.154 
0.176 ,22.7 ,33.36 ,0.144 
0.163 ,23.9 ,31.30 ,0.141 
0.147 ,24.7 ,30.48 ,0.131 
0.169 ,25.0 ,30.98 ,0.146 
0.169 ,24.9 ,30.88 ,0.139 
0.172 ,24.9 ,31.86 ,0.172 
0.165 ,25.0 ,31.89 ,0.164 
0.163 ,25.1 ,31.26 ,0.163 
0.154 ,25.7 ,31.98 ,0.208 
0.139 ,26.4 ,31.36 ,0.166 
0.131 ,27.0 ,30.66 ,0.190 
0.184 ,22.0 ,36.82 ,0.184 
0.170 ,23.2 ,35.32 ,0.181 
0.145 ,24.1 ,33.72 ,0.154 
0.141 ,24.8 ,32.33 ,0.145 
0.143 ,25.6 ,31.44 ,0.150 
0.101 ,26.5 ,33.14 ,0.120 
0.087 ,25.9 ,33.89 ,0.112 
0.089 ,25.9 ,33.60 ,0.108 
0.086 ,26.6 ,33.67 ,0.117 
0.062 ,18.9 ,45.16 ,0.091 
0.059 ,19.3 ,42.71 ,0.118 
0.075 ,19.2 ,42.63 ,0.115 
0.083 ,20.0 ,42.31 ,0.119 
0.088 ,20.6 ,40.53 ,0.112 
0.094 ,20.8 ,40.28 ,0.139 
0.098 ,21.0 ,39.48 ,0.142 
0.086 ,21.3 ,39.71 ,0.106 
0.098 ,22.5 ,36.78 ,0.128 
0.086 ,23.2 ,36.16 ,0.142 
0.068 ,24.0 ,34.64 ,0.124 
0.060 ,24.2 ,34.62 ,0.123 
0.078 ,14.3 ,59.54 ,0.062 
0.080 ,14.7 ,55.33 ,0.044 
0.076 ,14.7 ,54.44 ,0.052 
0.076 ,15.0 ,53.82 ,0.060 
0.068 ,15.8 ,52.45 ,0.063 
0.087 ,16.1 ,51.67 ,0.069 
0.074 ,16.5 ,50.51 ,0.075 
0.075 ,16.9 ,48.24 ,0.054 
0.069 ,17.0 ,48.27 ,0.056 
0.074 ,17.8 ,47.11 ,0.042 
0.076 ,18.4 ,45.42 ,0.051 
0.079 ,19.0 ,44.40 ,0.046 
0.072 ,19.3 ,43.44 ,0.038 
0.078 ,19.9 ,41.73 ,0.099 
0.073 ,20.4 ,40.12 ,0.104 
0.078 ,20.1 ,40.25 ,0.096 
0.083 ,20.3 ,40.64 ,0.078 
0.086 ,21.1 ,39.21 ,0.086 
0.085 ,24.4,46.3,0.140 
0.091 ,25.4,42.5,0.142 
0.093 ,27.3,39.2,0.135 
0.085 ,23.4,56.1,0.144 
0.099 ,24.3,53.3,0.141 
0.105 ,28.2,45.9,0.126 
0.110 ,29.2,46.3,0.147 
0.204 ,32.8,54.1,0.170 
0.174 ,34,52.1,0.159 
0.138 ,36,48.9,0.148 
0.152 ,31.2,59.1,0.210 
0.127 ,33,58.1,0.164 
0.147 ,37.9,47.1,0.198 
0.150 ,36.7,48.6,0.216 
0.122 ,32.8,58.9,0.192 
0.130 ,35.1,52.8,0.194 
0.114 ,38.8,46.9,0.200 
0.086 ,39.4,38.6,0.217 
0.134 ,24.9,34,0.330 
0.132 ,28.4,40.3,0.299 
0.113 ,26.5,28.5,0.249 
0.106 ,27.9,15.8,0.248 
0.127 ,25.3,26.3,0.206 
0.087 ,27.7,16.5,0.185 
0.069 ,28.9,8.9,0.146 
0.074 ,27.2,11.6,0.174 
0.262 ,27.2,59.2,0.173 
0.233 ,32.3,47.3,0.187 
0.255 ,30.4,50.7,0.208 
0.252 ,31.6,48.1,0.249 
0.065 ,16,25,0.102 
0.024 ,16,25,0.059 
0.028 ,22,25,0.069 
0.033 ,19,28,0.083 
0.177 ,8,18,0.129 
0.161 ,8,18,0.125 
0.172 ,8,18,0.128 
0.032 ,14,27,0.085 
0.030 ,14,27,0.093 
0.026 ,14,27,0.101 
0.023 ,14,27,0.087 
0.029 ,19,32,0.054 
0.031 ,19,32,0.070 
0.037 ,19,32,0.099 
0.031 ,20,28,0.061 
0.029 ,20,28,0.057 
0.027 ,20,28,0.057 
0.024 ,15,52,0.054 
0.025 ,15,52,0.058 
0.026 ,15,52,0.067 
0.025 ,15,52,0.068 
0.023 ,14,32,0.054 
0.025 ,14,32,0.056 
0.036 ,14,32,0.087 
0.044 ,14,32,0.090 
0.021 ,16,31,0.072 
0.022 ,16,31,0.075 
0.021 ,16,31,0.087 
0.105 ,22,32,0.123 
0.111 ,22,32,0.128 
0.031 ,32,41,0.115 
0.028 ,32,41,0.106 
0.028 ,32,41,0.100 
0.025 ,32,41,0.095 
0.040 ,29,39,0.192 
0.024 ,29,39,0.104 
0.025 ,29,39,0.144 
0.024 ,29,39,0.137 
0.023 ,30,56,0.088 
0.033 ,30,56,0.083 
0.034 ,31,50,0.059 
0.029 ,31,50,0.060 
0.037 ,31,50,0.070 
0.023 ,31,46,0.073 
0.029 ,31,46,0.082 
0.034 ,31,46,0.085 
0.026 ,28,36,0.133 
0.025 ,28,36,0.161 
0.029 ,28,36,0.134 
0.025 ,28,36,0.122 
0.027 ,29,31,0.167 
0.042 ,29,31,0.229 
0.038 ,29,31,0.218 
0.024 ,29,31,0.175 
0.024 ,30,50,0.077 
0.035 ,30,50,0.080 
0.042 ,30,50,0.084 
0.023 ,29,46,0.063 
0.092 ,29,46,0.062 
0.023 ,29,46,0.071 
0.028 ,30,48,0.028 
0.028 ,30,48,0.030 
0.027 ,30,48,0.032 
0.029 ,30,45,0.042 
0.028 ,30,45,0.035 
0.024 ,30,45,0.025 
0.024 ,30,45,0.030 
0.137 ,32,47,0.137 
0.121 ,32,47,0.165 
0.125 ,32,42,0.175 
0.154 ,32,42,0.194 
0.172 ,32,42,0.225 
0.137 ,32,47,0.238 
0.123 ,32,47,0.179 
0.131 ,32,47,0.147 
0.093 ,32,47,0.115 
0.104 ,29,46,0.259 
0.064 ,29,46,0.173 
0.058 ,29,46,0.139 
0.049 ,32,43,0.176 
0.038 ,32,43,0.126 
0.060 ,31,46,0.091 
0.054 ,31,46,0.066 
0.048 ,31,46,0.054 
0.045 ,31,46,0.049 
0.034 ,31,45,0.041 
0.031 ,31,45,0.034 
0.043 ,30,42,0.051 
0.042 ,30,42,0.051 
0.045 ,30,42,0.059 
0.136 ,32,34,0.174 
0.136 ,32,34,0.331 
0.122 ,32,36,0.216 
0.143 ,32,36,0.251 
0.136 ,32,46,0.235 
0.127 ,32,46,0.181 
0.137 ,32,46,0.192 
0.114 ,29,40,0.245 
0.072 ,29,40,0.214 
0.046 ,32,28,0.139 
0.038 ,32,28,0.126 
0.038 ,32,28,0.114 
0.033 ,32,28,0.079 
0.037 ,30,35,0.059 
0.036 ,30,35,0.053 
0.032 ,30,35,0.061 
0.049 ,14.3,83.7,0.037 
0.054 ,14.4,79.7,0.044 
0.065 ,13.6,88.9,0.052 
0.065 ,13.8 ,86.6,0.058 
0.090 ,13.7 ,84.2,0.067 
0.092 ,13.8 ,82.7,0.070 
0.089 ,15.1 ,74,0.065 
0.086 ,13.6 ,82.8,0.079 
0.095 ,14.3 ,80.4,0.060 
0.118 ,20.6 ,45.8,0.091 
0.095 ,19.3 ,49.3,0.105 
0.093 ,21.1 ,42.3,0.092 
0.089 ,19.1 ,44.1,0.084 
0.088 ,21.0 ,41.4,0.087 
0.086 ,20.0 ,42.7,0.078 
0.085 ,21.3 ,40.7,0.082 
0.086 ,21.3,41.5,0.067 
0.082 ,24.4 ,43,0.086 
0.079 ,21.7 ,41,0.085 
0.079 ,21.7 ,39.6,0.079 
0.085 ,21.3 ,44.7,0.095 
0.082 ,21.2 ,42.4,0.098 
0.081 ,23.0 ,39.4,0.097 
0.084 ,20.8 ,43.1,0.092 
0.088 ,20.4 ,33,0.118 
0.076 ,20.4 ,33.2,0.132 
0.073 ,23.6 ,27.3,0.110 
0.067 ,22.2 ,27.2,0.106 
0.054 ,24.6 ,27.2,0.070 
0.057 ,22.9 ,26.8,0.077 
0.105 ,26.1,67,0.153 
0.101 ,28,62.3,0.148 
0.102 ,27.2,64.9,0.151 
0.096 ,29.4,57.8,0.182 
0.097 ,27.6,61.8,0.171 
0.104 ,30,56.6,0.192 
0.108 ,26.7,65.4,0.187 
0.114 ,28.6,58.6,0.180 
0.100 ,28.5,59.3,0.188 
0.106 ,30,56.4,0.171 
0.106 ,27.5,61.8,0.190 
0.104 ,29.6,56.3,0.171 
0.105 ,30.8,52.3,0.171 
0.102 ,29.4,55,0.164 
0.094 ,28.7,55.5,0.164 
0.083 ,29.7,52.9,0.156 
0.093 ,30.4,53.7,0.166 
0.095 ,28.4,56.5,0.170 
0.102 ,30.7,53.9,0.186 
0.105 ,29,56.7,0.174 
0.092 ,29.3,58.4,0.167 
0.087 ,28.8,60.6,0.156 
0.087 ,27.7,63.7,0.152 
0.088 ,27,65.9,0.150 
0.093 ,27,65.3,0.150 
0.101 ,27,66.5,0.144 
0.107 ,26.2,69.5,0.132 
0.109 ,26.2,69.3,0.126 
0.115 ,26,70.4,0.123 
0.134 ,25.8,70.9,0.142 
0.292 ,28.9,67.3,0.572 
0.296 ,27.5,69.5,0.544 
0.255 ,29.7,64.5,0.355 
0.221 ,29.2,66.6,0.304 
0.230 ,29.3,63.3,0.376 
0.241 ,28.8,65.7,0.332 
0.241 ,29.5,63.8,0.358 
0.235 ,29.7,61.3,0.317 
0.204 ,31,60.4,0.323 
0.156 ,32.6,51.8,0.280 
0.144 ,31,52.7,0.281 
0.150 ,30.6,65.3,0.257 
0.161 ,31.3,55.5,0.280 
0.164 ,31.6,54.3,0.273 
0.158 ,29.7,59,0.223 
0.152 ,29.8,59.3,0.274 
0.138 ,29.7,58.3,0.277 
0.133 ,29.5,58.1,0.276 
0.129 ,29.3,58.3,0.251 
0.131 ,28.9,58.2,0.267 
0.135 ,28.4,59.9,0.278 
0.110 ,28,59.9,0.237 
0.116 ,27.6,60.1,0.308 
0.114 ,27.5,62,0.294 
0.130 ,27.3,60.5,0.385 
0.113 ,26.9,61.4,0.290 
0.121 ,26.5,62.7,0.324 
0.115 ,26.3,63.3,0.282 
0.113 ,26.1,64.9,0.272 
0.115 ,25.9,65.3,0.277 
0.160 ,28.8,58.1,0.232 
0.184 ,30.7,53.1,0.294 
0.189 ,31.8,51,0.228 
0.202 ,31.6,50.9,0.343 
0.199 ,33.3,47.2,0.264 
0.209 ,33.2,48.1,0.337 
0.196 ,33.2,46.9,0.276 
0.186 ,33.7,45.6,0.252 
0.172 ,34,44.7,0.251 
0.164 ,36,43,0.192 
0.162 ,34.3,43.1,0.236 
0.157 ,34.6,42.2,0.225 
0.148 ,35.1,41.9,0.217 
0.149 ,35.8,40.4,0.223 
0.144 ,36.9,40,0.201 
0.142 ,37.3,38.8,0.191 
0.137 ,36,41.5,0.293 
0.155 ,36.5,41.2,0.280 
0.158 ,33.7,45.4,0.252 
0.154 ,34.9,42.6,0.238 
0.158 ,35.5,41.2,0.288 
0.160 ,34.8,41.9,0.313 
0.158 ,34.2,43.7,0.351 
0.156 ,32.7,46.6,0.322 
0.156 ,31.9,49.6,0.334 
0.138 ,31.7,49.2,0.273 
0.121 ,31.4,49.9,0.265 
0.115 ,31.3,49.4,0.291 
0.097 ,30.8,50.6,0.212 
0.097 ,29.6,52.9,0.208 
0.085 ,27.9,62.2,0.165 
0.088 ,29.3,58.6,0.135 
0.085 ,28.5,60.1,0.166 
0.090 ,28.5,59.7,0.148 
0.089 ,28.7,60.2,0.159 
0.081 ,29.4,57.4,0.111 
0.080 ,30.2,55.3,0.113 
0.081 ,31.4,51.3,0.109 
0.076 ,33.1,49.5,0.118 
0.075 ,33.4,48.7,0.133 
0.075 ,34.2,46.4,0.155 
0.066 ,35.6,44.3,0.137 
0.063 ,36.6,42.5,0.130 
0.059 ,34.5,43.2,0.124 
0.059 ,33,45.7,0.131 
0.061 ,30.4,52.8,0.145 
0.059 ,29.8,55,0.139 
0.054 ,29.8,55.5,0.131 
0.058 ,30,54,0.137 
0.050 ,30,54.5,0.134 
0.050 ,29.7,55,0.129 
0.045 ,30.1,52.1,0.133 
0.047 ,29.8,54,0.143 
0.045 ,30.6,51.4,0.122 
0.047 ,30.4,51.6,0.120 
0.052 ,29.9,53.7,0.132 
0.053 ,29.9,53.9,0.145 
0.058 ,29.8,55.6,0.138 
0.062 ,29.4,56.8,0.162 
0.062 ,29.4,58,0.141 
0.042 ,26.2,69.4,0.085 
0.051 ,26.8,68.2,0.087 
0.052 ,26.2,70.9,0.088 
0.047 ,27.2,67.2,0.080 
0.044 ,26.8,68.3,0.086 
0.046 ,28.7,63.8,0.096 
0.047 ,28.3,60.8,0.088 
0.045 ,30,56.4,0.078 
0.042 ,29.7,54.4,0.077 
0.038 ,29.4,51.1,0.070 
0.039 ,28.7,58.5,0.090 
0.041 ,27.5,61.3,0.077 
0.038 ,27.6,61.1,0.070 
0.040 ,29.2,56.3,0.082 
0.039 ,28.9,57.9,0.105 
0.045 ,29,58.1,0.179 
0.042 ,28,61.4,0.112 
0.042 ,27.6,60.6,0.079 
0.043 ,26.3,65.4,0.081 
0.045 ,25.9,61.3,0.077 
0.045 ,26.5,64.6,0.072 
0.048 ,26.3,66.1,0.078 
0.050 ,25.9,67.1,0.075 
0.051 ,25.7,67.9,0.087 
0.053 ,25.6,68.7,0.092 
0.052 ,25.5,69.3,0.074 
0.048 ,25.1,70.8,0.068 
0.049 ,25,70.5,0.074 
0.050 ,24.4,72.8,0.075 
0.051 ,24.6,72.8,0.066 
0.071 ,29.9,55.7,0.193 
0.064 ,33.7,47,0.151 
0.064 ,33.9,49.1,0.171 
0.061 ,33.2,46.4,0.146 
0.056 ,33,45.6,0.130 
0.051 ,34.3,44.3,0.131 
0.044 ,34.2,42.2,0.131 
0.043 ,34.8,39.3,0.131 
0.044 ,35,39.7,0.120 
0.046 ,35.5,38.1,0.120 
0.044 ,36.9,38.2,0.144 
0.037 ,35.7,36.8,0.114 
0.034 ,35.8,36.8,0.113 
0.029 ,36.8,30.8,0.096 
0.033 ,36.8,33.3,0.109 
0.044 ,36.1,37.3,0.127 
0.048 ,37.3,36,0.130 
0.051 ,37.6,35.3,0.159 
0.052 ,36.6,36.9,0.164 
0.048 ,35.7,37.8,0.155 
0.045 ,35,37.4,0.148 
0.048 ,33,40.1,0.147 
0.053 ,33.4,41.8,0.177 
0.048 ,34.5,38,0.172 
0.049 ,33.2,41.4,0.146 
0.048 ,32.5,40.9,0.143 
0.051 ,32.4,41.4,0.146 
0.052 ,32,46.9,0.146 
0.055 ,31.2,46.6,0.144 
0.054 ,31.5,45.4,0.150 
0.048 ,30.5,51.8,0.126 
0.052 ,31.4,50.8,0.134 
0.052 ,30.5,54.3,0.137 
0.051 ,30.9,53.8,0.128 
0.049 ,31.1,52,0.125 
0.051 ,29.7,56.2,0.124 
0.053 ,29.9,54.2,0.130 
0.052 ,29.2,56.4,0.130 
0.064 ,31.3,52.9,0.144 
0.054 ,29.3,57.2,0.143 
0.052 ,28.7,58.5,0.116 
0.053 ,28.4,60.4,0.132 
0.045 ,28.4,60.7,0.113 
0.045 ,29.1,59.6,0.111 
0.045 ,28.4,62.8,0.111 
0.042 ,27.4,65.8,0.096 
0.042 ,26.9,68.3,0.098 
0.043 ,26.7,70,0.101 
0.042 ,26.6,71.2,0.081 
0.042 ,26.5,72.2,0.090 
0.049 ,25.8,74.5,0.131 
0.046 ,26.5,72.4,0.108 
0.043 ,25.5,73.2,0.088 
0.050 ,25.8,75.8,0.119 
0.050 ,25.9,74.7,0.095 
0.048 ,25.6,75.5,0.106 
0.043 ,25.6,74.3,0.072 
0.043 ,25.7,71.7,0.075 
0.043 ,25.3,72.9,0.098 
0.044 ,25,73.2,0.070 
0.039 ,25.1,72.1,0.071 
0.034 ,24.3,72.3,0.053 
0.033 ,24.7,70.9,0.054 
0.036 ,24.3,71.7,0.056 
0.033 ,24.5,70.4,0.049 
0.032 ,24.3,70.9,0.076 
0.033 ,24.4,70.9,0.066 
0.036 ,24.2,70.9,0.080 
0.035 ,24.1,71.8,0.076 
0.054 ,24.2,71.5,0.075 
0.040 ,24.4,71.5,0.092 
0.043 ,24.3,72.4,0.079 
0.047 ,24.7,72,0.116 
0.045 ,24.7,71.7,0.106 
0.048 ,27,64.1,0.106 
0.046 ,27.7,60.8,0.103 
0.042 ,27.2,59.4,0.096 
0.043 ,27,56.7,0.099 
0.044 ,27.4,57.4,0.106 
0.040 ,28.2,53.1,0.095 
0.046 ,28.2,54.8,0.122 
0.041 ,28.8,52.6,0.095 
0.040 ,28.9,51.3,0.099 
0.040 ,28.7,51.8,0.096 
0.040 ,29,51.4,0.087 
0.046 ,30,49.9,0.094 
0.049 ,28.9,51.5,0.121 
0.047 ,30.5,52.5,0.119 
0.045 ,28.8,55.4,0.113 
0.050 ,29.1,55.1,0.122 
0.070 ,33,29.4,0.135 
0.069 ,33,29.4,0.130 
0.072 ,33,29.4,0.149 
0.071 ,33,29.4,0.143 
0.067 ,33,29.4,0.096 
0.099 ,33.6,32.8,0.147 
0.094 ,33.6,32.8,0.137 
0.103 ,33.6,32.8,0.154 
0.103 ,33.6,32.8,0.137 
0.103 ,33.6,32.8,0.131 
0.107 ,33.6,32.8,0.139 
0.110 ,33.6,32.8,0.156 
0.115 ,33.6,32.8,0.149 
0.116 ,33.6,32.8,0.112 
0.118 ,33.6,32.8,0.110 
0.032 ,29.4,26.3,0.085 
0.033 ,29.4,26.3,0.084 
0.034 ,29.4,26.3,0.079 
0.029 ,29.4,26.3,0.076 
0.030 ,29.4,26.3,0.075 
0.039 ,32.5,50.3,0.075 
0.041 ,32.5,50.3,0.074 
0.042 ,32.5,50.3,0.068 
0.044 ,32.5,50.3,0.080 
0.038 ,32.5,50.3,0.079 
0.042 ,33.8,46.2,0.080 
0.042 ,33.8,46.2,0.076 
0.041 ,33.8,46.2,0.083 
0.046 ,33.8,46.2,0.084 
0.045 ,33.8,46.2,0.093 
0.045 ,33.8,46.2,0.087 
0.044 ,33.8,46.2,0.093 
0.045 ,33.8,46.2,0.100 
0.046 ,33.8,46.2,0.100 
0.134 ,34.6,49.3,0.161 
0.120 ,34.6,49.3,0.144 
0.127 ,34.6,49.3,0.133 
0.128 ,34.6,49.3,0.131 
0.131 ,34.6,49.3,0.125 
0.110 ,34.6,49.3,0.120 
0.059 ,30.3,26,0.085 
0.057 ,30.3,26,0.086 
0.057 ,30.3,26,0.082 
0.058 ,30.3,26,0.087 
0.054 ,30.3,26,0.080 
0.052 ,30.3,26,0.085 
0.049 ,30.3,26,0.087 
0.050 ,30.3,26,0.082 
0.063 ,28.8,36.1,0.095 
0.060 ,28.8,36.1,0.078 
0.064 ,28.8,36.1,0.090 
0.057 ,28.8,36.1,0.090 
0.054 ,28.8,36.1,0.076 
0.057 ,28.8,36.1,0.087 
0.060 ,28.8,36.1,0.087 
0.062 ,28.8,36.1,0.095 
0.047 ,29.8,36.6,0.080 
0.045 ,29.8,36.6,0.079 
0.057 ,29.8,36.6,0.077 
0.056 ,29.8,36.6,0.077 
0.038 ,26.9,46.6,0.073 
0.039 ,26.9,46.6,0.068 
0.033 ,26.9,46.6,0.068 
0.032 ,26.9,46.6,0.081 
0.033 ,26.9,46.6,0.080 
0.032 ,26.9,46.6,0.062 
0.033 ,26.9,46.6,0.065 
0.032 ,26.9,46.6,0.066 
0.033 ,26.9,46.6,0.069 
0.031 ,26.9,46.6,0.075 
0.033 ,26.9,46.6,0.049 
0.033 ,26.9,46.6,0.074 
0.042 ,27.8,45.3,0.090 
0.036 ,27.8,45.3,0.092 
0.033 ,27.8,45.3,0.072 
0.038 ,27.8,45.3,0.098 
0.028 ,27.8,45.3,0.061 
0.029 ,27.8,45.3,0.057 
0.028 ,27.8,45.3,0.066 
0.030 ,27.8,45.3,0.079 
0.027 ,26.7,30.8,0.075 
0.023 ,26.7,30.8,0.059 
0.028 ,26.7,30.8,0.078 
0.024 ,26.7,30.8,0.071 
0.022 ,26.7,30.8,0.078 
0.022 ,26.7,30.8,0.002 
0.029 ,26.7,30.8,0.074 
0.026 ,26.7,30.8,0.091 
0.021 ,26.7,30.8,0.090 
0.033 ,26.6,34.9,0.097 
0.038 ,26.6,34.9,0.096 
0.034 ,26.6,34.9,0.085 
0.035 ,26.6,34.9,0.083 
0.036 ,26.6,34.9,0.094 
0.034 ,26.6,34.9,0.066 
0.037 ,26.6,34.9,0.107 
0.033 ,26.6,34.9,0.065 
0.035 ,26.6,34.9,0.090 
0.030 ,26.6,34.9,0.093 
0.035 ,26.6,34.9,0.082 
0.056 ,32.7,47.2,0.082 
0.058 ,32.7,47.2,0.086 
0.058 ,32.7,47.2,0.081 
0.050 ,32.7,47.2,0.070 
0.102 ,33.1,45.9,0.076 
0.114 ,33.1,45.9,0.128 
0.106 ,33.1,45.9,0.131 
0.097 ,33.1,45.9,0.116 
0.092 ,33.1,45.9,0.137 
0.098 ,33.1,45.9,0.096 
0.087 ,33.1,45.9,0.086 
0.081 ,33.1,45.9,0.084 
0.090 ,33.1,45.9,0.134 
0.097 ,33.1,45.9,0.094 
0.093 ,31.9,50.7,0.138 
0.087 ,31.9,50.7,0.141 
0.080 ,31.9,50.7,0.104 
0.086 ,31.9,50.7,0.138 
0.085 ,31.9,50.7,0.124 
0.077 ,31.9,50.7,0.119 
0.051 ,28.1,21.2,0.331 
0.063 ,28.1,21.2,0.336 
0.081 ,28.1,21.2,0.698 
0.087 ,28.1,21.2,0.550 
0.057 ,28.1,21.2,0.351 
0.054 ,28.1,21.2,0.467 
0.050 ,28.1,21.2,0.355 
0.065 ,28.7,23.8,0.364 
0.068 ,28.7,23.8,0.583 
0.051 ,28.7,23.8,0.290 
0.057 ,28.7,23.8,0.415 
0.048 ,28.7,23.8,0.242 
0.041 ,28.7,23.8,0.337 
0.052 ,28.7,23.8,0.288 
0.055 ,29.5,25.6,0.372 
0.063 ,29.5,25.6,0.544 
0.078 ,29.5,25.6,0.645 
0.053 ,29.5,25.6,0.408 
0.095 ,29.5,25.6,0.526 
0.085 ,29.5,25.6,0.473 
